shop_name,shop_address,shop_official
"
            
            鮨政 西口店
            （すしまさ）
            
          ",埼玉県さいたま市大宮区桜木町2-5-19 鮨政ビル,"
                    https://www.instagram.com/sushimasa24
"
"
            
            肉バル 響 大宮店
            （HIBIKI）
            
          ",埼玉県さいたま市大宮区仲町1-33-4 いつしビル 2F,
"
            
            川越焼肉　Kan
            
            
          ",埼玉県川越市中原町2-25-4 ライラックヴィラ1番館 202,
"
            
            四十八漁場 大宮西口店
            
            
          ",埼玉県さいたま市大宮区桜木町1-1-17 トリムビル 4F,
"
            
            いちげん 戸田公園店
            （イチゲン）
            
          ",埼玉県戸田市本町4-16-17,
"
            
            肉バルGABURICO 大宮店
            （ガブリコ）
            
          ",埼玉県さいたま市大宮区大門町1-69 武蔵屋ビル 1F,"
                    https://www.instagram.com/https://nikubar-gaburico.com/omiya
"
"
            
            七輪焼肉 安安  東大宮店
            
            
          ",埼玉県さいたま市見沼区東大宮5-39-2 A・Kビル 2F,
"
            
            安安 浦和西口店
            
            
          ",埼玉県さいたま市浦和区高砂2-6-9 OS浦和ビル 3F,
"
            
            博多もつ鍋酒場 金子増太郎
            
            
          ",埼玉県川越市新富町2-13-5,
"
            
            菊寿司 中新井店
            
            
          ",埼玉県所沢市中新井3-17-5,
"
            
            鮨・酒・肴 杉玉 大宮東口
            
            
          ",埼玉県さいたま市大宮区宮町1-9 湯澤ビル 2F,"
                    https://www.instagram.com/sugidama_sushiizakaya
"
"
            
            焼肉 喰心
            （クウシン）
            
          ",埼玉県さいたま市大宮区宮町2-17 パインズビル1F,"
                    https://www.instagram.com/kushin_yakiniku/
"
"
            
            炭火酒処 いろどり
            
            
          ",埼玉県熊谷市桜木町1-40 サウスビル 1F,
"
            
            チーズグルメ イルメルカート
            （iL-MERCATO）
            
          ",埼玉県川越市脇田町14-1 アーバンM脇田町 1F,
"
            
            肉バル Just MEET 大宮店
            
            
          ",埼玉県さいたま市大宮区宮町1-54 2F,
"
            
            個室居酒屋 権助 大宮店
            （【旧店名】おもてなし旬魚と地鶏 ととや 大宮本店）
            
          ",埼玉県さいたま市大宮区仲町1-60 アイス大宮1F,
"
            
            秩父ホルモン酒場 まる助 川越クレアモール店
            
            
          ",埼玉県川越市新富町2-9-17 飯田ビル 2F,
"
            
            スクエア
            
            
          ",埼玉県さいたま市大宮区桜木町4-333-13 OLSビル1Ｆ,"
                    https://www.instagram.com/square_omiya
"
"
            
            からもの 三宅村灰干しLABO
            
            
          ",埼玉県朝霞市東弁財3-15-10,"
                    https://www.instagram.com/karamono3/
"
"
            
            襷
            （たすき）
            
          ",埼玉県さいたま市大宮区仲町2-57 ＡＸＩＳ仲町ビル　１Ｆ,"
                    https://www.instagram.com/taski_omiya/?hl=ja
"
"
            
            チーズの海に溺れたい 川越店
            
            
          ",埼玉県川越市新富町1-19-5 B1F,"
                    https://www.instagram.com/cheese_no_umi3
"
"
            
            牛角 朝霞台店
            
            
          ",埼玉県朝霞市浜崎1-3-18,
"
            
            炭火焼鳥 　楽゛
            （ラグ）
            
          ",埼玉県入間市河原町1-3,
"
            
            ジョージズ・バーガー
            （GEORGE'S BARger）
            
          ",埼玉県飯能市東町27-6-2,"
                    https://www.instagram.com/georgesbarger/
"
"
            
            炭焼きソーセージ酒場 2KADO
            （スミヤキソーセージサカバ ニカド）
            
          ",埼玉県熊谷市筑波2-49-12 ウイングコート 1F,
"
            
            魚弘 川口駅前店
            
            
          ",埼玉県川口市栄町3-8-15 太陽サパールビル 2F,
"
            
            夜景個室居酒屋 囲 川越駅前店
            （Kakoi）
            
          ",埼玉県川越市脇田本町1-9 MKビル 8F,"
                    https://www.instagram.com/kakoi_kawagoe0201/
"
"
            
            和洋バルAcero
            （アーチェロ）
            
          ",埼玉県越谷市南越谷1-17-15 アベニュー南越谷 B1F,"
                    https://www.instagram.com/bar_acero_koshigaya/
"
"
            
            sentiamo
            （センティアーモ）
            
          ",埼玉県川越市新富町1-3-5 Actreeビル 3F,
"
            
            海鮮酒場わんす
            
            
          ",埼玉県さいたま市南区南浦和2-41-20 1F,"
                    https://www.instagram.com/kaisensakabawansu/
"
"
            
            くいもの屋 わん 所沢店
            
            
          ",埼玉県所沢市日吉町8-4 ヤマ本ビル 2F,
"
            
            鉄板×肉バル ぶるじょわ
            
            
          ",埼玉県さいたま市南区南本町1-3-15 エースワンダービル　3F,"
                    https://www.instagram.com/bull_joie/?hl=ja
"
"
            
            くいもの屋 わん 和光市南口店 
            
            
          ",埼玉県和光市本町1-1 ＷＡＫＯＳＴＡＴＩＯＮⅡ　４Ｆ,
"
            
            ウッドベイカーズ
            
            
          ",埼玉県川越市連雀町11-8,
"
            
            SAKANAKANA 大宮東口店
            （サカナカナ）
            
          ",埼玉県さいたま市大宮区宮町1-47 一番ビル 3F,
"
            
            焼肉 ニクラボ 川越駅前店
            
            
          ",埼玉県川越市菅原町22-2 第二MSビル 4F,"
                    https://www.instagram.com/nikulab0916/
"
"
            
            フェリチタ
            （felicita）
            
          ",埼玉県川越市新宿町1-9-6 新宿栄ビル ２F,"
                    https://www.instagram.com/felicita.kawagoe/
"
"
            
            イタリアンダイニングDONA 大宮店
            
            
          ",埼玉県さいたま市大宮区桜木町1-6 大宮スカイビル1F,
"
            
            うな鐵 大宮店
            （うなてつ）
            
          ",埼玉県さいたま市大宮区宮町1-31,
"
            
            CONA 大宮店
            （コナ）
            
          ",埼玉県さいたま市大宮区宮町1-57 1F,
"
            
            個室焼肉酒場 食肉センター 肉道場 大宮本店
            
            
          ",埼玉県さいたま市大宮区仲町1-77-1 2F,
"
            
            個室居酒屋 勘九郎 本川越店
            （【旧店名】個室居酒屋 御庭）
            
          ",埼玉県川越市新富町1-19-2 3F,
"
            
            キャンティ トレ
            （CHIANTI-TRE）
            
          ",埼玉県川口市芝5376,"
                    https://www.instagram.com/chianti_tre/
"
"
            
            お出汁とお魚 スズノネ
            （suzu‐no-ne）
            
          ",埼玉県さいたま市大宮区仲町2-9 シロタビル 2F,
"
            
            イタリアンダイニングDONA エキア松原店
            
            
          ",埼玉県草加市松原1-1-1 EQUIA松原 1F,
"
            
            日本料理 みや 
            
            
          ",埼玉県所沢市東住吉7-9 ティーイングビル　１Ｆ,"
                    https://www.instagram.com/nihonryourimiya/
"
"
            
            くいもの屋わん 鴻巣東口駅前店
            
            
          ",埼玉県鴻巣市本町4-3-28 LB鴻巣駅前ビル 1F,
"
            
            全席個室 鮮や一夜 大宮東口駅前店
            （センヤイチヤ）
            
          ",埼玉県さいたま市大宮区大門町1-61-1 DKビル5F,
"
            
            ねぎたん塩・焼肉・お食事 ジャン高山
            
            
          ",埼玉県さいたま市中央区鈴谷2-600-3,"
                    https://www.instagram.com/jyantakayama
"
"
            
            川越原人
            
            
          ",埼玉県川越市脇田町11-3 筋野ビル B1F,"
                    https://www.instagram.com/kawagoegenjin/
"
"
            
            黒毛和牛焼肉 金虎 川越本店
            
            
          ",埼玉県川越市新富町2-24-4 早川ＴＫＢビル　Ｂ１Ｆ,
"
            
            順順餃子酒場 大宮駅前店
            
            
          ",埼玉県さいたま市大宮区大門町1-19 角井ビル2F,
"
            
            tutti
            （トゥッティ）
            
          ",埼玉県川口市長蔵新田281,"
                    https://www.instagram.com/tutti.bar2bean.ritz/
"
"
            
            七輪焼肉 安安 越谷店
            
            
          ",埼玉県越谷市増林2-287-1,
"
            
            蕎麦酒房 桃栗あん
            
            
          ",埼玉県さいたま市大宮区大門町2-108-4,
"
            
            町夜景と完全個室居酒屋 離れ邸 大宮西口店
            
            
          ",埼玉県さいたま市大宮区桜木町1-175 KGビル 5F,
"
            
            骨付鳥・からあげ・ハイボール がブリチキン。 川口店
            
            
          ",埼玉県川口市栄町3-10-3,
"
            
            塊肉とワイン肉バル1020 朝霞台本店
            
            
          ",埼玉県朝霞市浜崎1-8-10,"
                    https://www.instagram.com/nikubar1020/
"
"
            
            Cheese×創作TENPURA 菜の門 大宮店
            （Nanomon）
            
          ",埼玉県さいたま市大宮区桜木町1-8-3 サンユービル 9F,
"
            
            イタリアンダイニングDONA 武蔵浦和店
            
            
          ",埼玉県さいたま市南区別所7-12-1 ビーンズ武蔵浦和  1F,
"
            
            kawara CAFE＆DINING 大宮
            （カワラ カフェアンドダイニング）
            
          ",埼玉県さいたま市大宮区桜木町2-3 DOMショッピングセンターPART1 B1F,
"
            
            かまどか 大宮店
            
            
          ",埼玉県さいたま市大宮区桜木町1-1-10 OZ SAKURA 5F,
"
            
            イザカヤTOMBO 新所沢本店
            （トンボ）
            
          ",埼玉県所沢市緑町2-1-5 きららビル 1F,"
                    https://www.instagram.com/izakayatombo/?hl=ja
"
"
            
            いちげん 南浦和店
            （イチゲン）
            
          ",埼玉県さいたま市南区南本町2-26-3,
"
            
            Garden DaDa 大宮店
            
            
          ",埼玉県さいたま市大宮区宮町1-48 ジェイリート大宮 5F,"
                    https://www.instagram.com/gardendada/
"
"
            
            居食屋大将
            （TAISHO）
            
          ",埼玉県深谷市緑ケ丘15-15,"
                    https://www.instagram.com/taisho3150
"
"
            
            ＫＡＮＳＡＩ さいたま市緑区大門店
            （かんさい）
            
          ",埼玉県さいたま市緑区大門2864-6,"
                    https://www.instagram.com/kansai_official/?igshid=6pmu9gsp92dr
"
"
            
            鰻 割烹　仲勢
            
            
          ",埼玉県越谷市蒲生寿町15-39,
"
            
            秩父ホルモン酒場 まる助 熊谷駅前店
            
            
          ",埼玉県熊谷市筑波2-49-1 熊谷駅前ビル B1F,"
                    https://www.instagram.com/marusuke_kumagayaekimae/?hl=ja
"
"
            
            厳選焼肉 ほのか
            
            
          ",埼玉県所沢市東所沢1-17-13,
"
            
            Market Terrace
            （マーケットテラス）
            
          ",埼玉県川越市大袋650 埼玉川越総合地方卸売市場,"
                    https://www.instagram.com/marketterrace/
"
"
            
            外苑
            （ガイエン）
            
          ",埼玉県草加市氷川町2116-1,"
                    https://www.instagram.com/sokayakinikugaien
"
"
            
            完全個室と肉炙り寿司 和蔵 大宮西口駅前店
            
            
          ",埼玉県さいたま市大宮区桜木町2-4-17 アイダビル大宮桜木第2 3F,
"
            
            創作酒庵 彩蔵
            （ソウサクシュアン サイゾウ）
            
          ",埼玉県さいたま市南区南浦和2-44-1 一ツ木ビル 2F,
"
            
            美味ましそよ
            
            
          ",埼玉県三郷市三郷1-6-2 盛伸マンション 1F,
"
            
            ＫＡＮＳＡＩ 熊谷星川店
            （かんさい）
            
          ",埼玉県熊谷市星川2-41,"
                    https://www.instagram.com/kansai_official/?igshid=6pmu9gsp92dr
"
"
            
            鮮助
            （センスケ）
            
          ",埼玉県さいたま市大宮区宮町3-11-5 宮町ビル 1F,
"
            
            縁尽
            
            
          ",埼玉県さいたま市大宮区桜木町2-297-3 桜ビル1F,
"
            
            地鶏と完全個室 とり右衛門  所沢駅前店
            （【旧店名】火乃国）
            
          ",埼玉県所沢市日吉町11-19 基和ビル 4F,
"
            
            九州 熱中屋 浦和 LIVE 
            
            
          ",埼玉県さいたま市浦和区高砂2-6-4 第2島田ビルディング　1F 2F,
"
            
            ステーキハウス磐梯 2号店
            （バンダイ）
            
          ",埼玉県川越市菅原町20-13 朋友ビル 2F,"
                    https://www.instagram.com/bandai_2gouten/
"
"
            
            彩り和食と完全個室 椿 大宮店
            （つばき）
            
          ",埼玉県さいたま市大宮区仲町1-17 DAITOビル 2F,
"
            
            魚菜 基
            （motoshi さかな もとし）
            
          ",埼玉県さいたま市浦和区高砂2-12-22,"
                    https://www.instagram.com/sakanamotoshi/
"
"
            
            全席個室 ウメ子の家 大宮東口駅前店
            
            
          ",埼玉県さいたま市大宮区大門町1-61-1 DK大宮ビル6階,
"
            
            隠れ家個室居酒屋 音音 浦和駅前店
            （nene）
            
          ",埼玉県さいたま市浦和区高砂1-14-10 山保ビル 4F,"
                    https://www.instagram.com/nene_urawa/
"
"
            
            THETA　MU
            （シータミュー）
            
          ",埼玉県所沢市東町10-17 北田ビル,
"
            
            博多鉄なべ 餃子 はなまる
            
            
          ",埼玉県川越市脇田町18-5,"
                    https://www.instagram.com/gyozahanamaru
"
"
            
            いちげん 北朝霞店
            
            
          ",埼玉県朝霞市西原1-5-12 ウイング北朝霞2F,
"
            
            あそ路
            
            
          ",埼玉県川口市本町4-1-10,
"
            
            全席完全個室・肉寿司・地鶏 忍亭
            （【旧店名】お好み焼き食べ放題 大地の宴）
            
          ",埼玉県所沢市日吉町8-5 フジノビル 3F,
"
            
            自家製手打ち生パスタ専門店&ダイニングバー わきと
            
            
          ",埼玉県さいたま市浦和区常盤9-16-7 102,
"
            
            カタマリ肉ステーキ＆サラダバー にくスタ 上尾店
            
            
          ",埼玉県上尾市上町2-5-3 1F,
"
            
            レストランバー Zi：PLAZA
            （ジープラザ）
            
          ",埼玉県さいたま市大宮区仲町1-80 もりくまビル 4F,"
                    https://www.instagram.com/https://www.instagram.com/ziplaza/
"
"
            
            くいもの屋 わん 川越店
            
            
          ",埼玉県川越市新富町2-4-2 太陽ビル　２Ｆ,
"
            
            くいもの屋わん 大宮西口店
            
            
          ",埼玉県さいたま市大宮区桜木町1-8-3 三有ビル 8F,
"
            
            焼鳥 鳥せい 北浦和店
            
            
          ",埼玉県さいたま市浦和区常盤9-13-5,
"
            
            いちげん 武蔵浦和店
            
            
          ",埼玉県さいたま市南区沼影1-15-12,
"
            
            やきとりモンキー 春日部店
            
            
          ",埼玉県春日部市中央1-47-4,"
                    https://www.instagram.com/yakitorimonkey 
"
"
            
            烏賊・鮨ダイニング 鮮助 西口店
            （センスケ）
            
          ",埼玉県さいたま市大宮区桜木町2-220-2,"
                    https://www.instagram.com/sensuke_nisiguchi
"
"
            
            MOANA cafe＆diner
            （モアナ カフェ＆ダイナー）
            
          ",埼玉県川越市脇田町14-6 1F,
"
            
            地鶏×鮮魚 個室居酒屋 もみじ香 川越本店
            
            
          ",埼玉県川越市新富町2-27-1 1F,
"
            
            高知藁焼き 屋台餃子 土佐宿毛マーケット
            （コウチワラヤキヤタイギョウザトサスクモマーケット）
            
          ",埼玉県さいたま市浦和区仲町1-10-1 PORAMビル　5F,
"
            
            Fresco Caffe
            （Fresco Caffé）
            
          ",埼玉県上尾市柏座2-4-4 コウトクエンタープライズビル,
"
            
            彩賓楼
            （サイヒンロウ）
            
          ",埼玉県さいたま市中央区新都心3-2 ラフレさいたま　３Ｆ,
"
            
            個室もつ鍋屋 あらまさ 西川口店
            
            
          ",埼玉県川口市西川口1-6-3 西川口ビル 5F,
"
            
            桃栗
            （モモクリ）
            
          ",埼玉県さいたま市大宮区宮町1-95,
"
            
            アロハテーブル ルミネ大宮
            （【旧店名】アロハテーブル ルミネ大宮 ハワイアンビアガーデン）
            
          ",埼玉県さいたま市大宮区錦町630 ルミネ大宮店 ルミネ2 4F,
"
            
            circolo 熊谷店
            （チルコロ）
            
          ",埼玉県熊谷市筑波2-42 成蹊ビル 1F,"
                    https://www.instagram.com/kitchen_circolo/
"
"
            
            carnegico
            （カルネジコ）
            
          ",埼玉県さいたま市浦和区仲町1-10-17,
"
            
            天津飯店 コクーンシティさいたま新都心店
            
            
          ",埼玉県さいたま市大宮区吉敷町4-263-1 コクーンシティ コクーン2 1F,"
                    https://www.instagram.com/tenshinhanten_saitama_official/
"
"
            
            KANSAI 羽生店
            
            
          ",埼玉県羽生市南4-8-28,"
                    https://www.instagram.com/kansai_official/?igshid=6pmu9gsp92dr
"
"
            
            遊庵
            （ゆうあん）
            
          ",埼玉県越谷市南越谷1-20-2 寿ビル　１Ｆ,
"
            
            ハイドウェイダイニング 555
            （HIDEAWAYDINING 555）
            
          ",埼玉県川越市脇田本町9-5 アーバンライフビル 2F,
"
            
            大阪焼肉・ホルモン ふたご 浦和店
            
            
          ",埼玉県さいたま市浦和区高砂2-12-21 エムエム高砂ビル 1F,
"
            
            和食郷土料理 個室居酒屋 川越屋 川越本店
            
            
          ",埼玉県川越市新富町2-27-12 1F,
"
            
            syo 昇
            （ショウ）
            
          ",埼玉県朝霞市浜崎1-7-12 アーバンハイム浜崎　１Ｆ,"
                    https://www.instagram.com/syo.asakadai/
"
"
            
            Dining松幸
            （ダイニングマツコウ）
            
          ",埼玉県所沢市小手指町1-42-6 1F,"
                    https://www.instagram.com/p/BYr8ihqhBc6/
"
"
            
            ボラボラ 大宮店
            （BoraBora）
            
          ",埼玉県さいたま市大宮区宮町1-114-1 OREビル B1F,"
                    https://www.instagram.com/borabora.omiya/
"
"
            
            いちげん 戸田店
            （【旧店名】食彩屋一源 戸田店）
            
          ",埼玉県戸田市新曽199-1,
"
            
            くいもの屋 わん 大宮すずらん通り店
            
            
          ",埼玉県さいたま市大宮区大門町1-17 丸藤ビル　２Ｆ,"
                    https://www.instagram.com/wanomiyasuzurandori/?hl=ja
"
"
            
            香福園
            （【旧店名】源縁苑）
            
          ",埼玉県さいたま市大宮区仲町2-42 セッテ・イン大宮 2F,
"
            
            ケセラ・セナラ
            
            
          ",埼玉県さいたま市中央区新都心10 けやきひろば1F,
"
            
            広島鉄板 毛利
            
            
          ",埼玉県富士見市ふじみ野東1-21-1 ラガールふじみ野102,"
                    https://www.instagram.com/hiroshimateppanmouri
"
"
            
            大宮 肉寿司
            
            
          ",埼玉県さいたま市大宮区仲町1-33-6 岩淵ビル 1F,"
                    https://www.instagram.com/omiya_nikuzushi/
"
"
            
            しみづや
            （SHIMIZU YA）
            
          ",埼玉県さいたま市大宮区下町1-11 Eikaro 1F,
"
            
            全席個室居酒屋 忍家 朝霞台南口店
            
            
          ",埼玉県朝霞市東弁財1-4-12 エルバ朝霞台　４Ｆ,
"
            
            大宮 伊勢錦
            （おおみや いせきん）
            
          ",埼玉県さいたま市大宮区高鼻町1-37-1,
"
            
            全220品食べ放題＆飲み放題 完全個室 京隠れ 大宮店
            
            
          ",埼玉県さいたま市大宮区宮町1-97-2 二葉ビル 3F,
"
            
            酒房 あやとり
            
            
          ",埼玉県川口市並木2-24-1 2F,
"
            
            鳥光國 さいたま新都心店
            
            
          ",埼玉県さいたま市中央区新都心11-1 JRさいたま新都心ビル 4F,
"
            
            寿司・懐石處 やなぎ
            
            
          ",埼玉県飯能市仲町2-10,"
                    https://www.instagram.com/sushi_kaisekidokoro_yanagi
"
"
            
            肉バル ビーキッチン
            （B-kitchen）
            
          ",埼玉県久喜市久喜東2-4-7,"
                    https://www.instagram.com/up_b_kitchen/
"
"
            
            いちげん 中浦和店
            
            
          ",埼玉県さいたま市南区鹿手袋2-790-3,
"
            
            個室居酒屋 時しらず 大宮駅前店
            
            
          ",埼玉県さいたま市大宮区大門町1-69 武蔵屋ビル 2F,
"
            
            全席個室ダイニング168 南越谷店
            （いろは）
            
          ",埼玉県越谷市南越谷1-19-3 パインズビル 7F,
"
            
            炭火焼肉すみいち 川越店
            
            
          ",埼玉県川越市新富町1-18-8 沼野ビル 2F,
"
            
            ＫＡＮＳＡＩ 熊谷別府店
            （かんさい）
            
          ",埼玉県熊谷市別府5-86,"
                    https://www.instagram.com/kansai_official/?igshid=6pmu9gsp92dr
"
"
            
            個室居酒屋 鳥助 南越谷店
            
            
          ",埼玉県越谷市南越谷1-19-3 8F,
"
            
            全席個室居酒屋 忍家 ふじみ野駅前店
            
            
          ",埼玉県富士見市ふじみ野西1-20-2 第７マツモトビル　３Ｆ,
"
            
            タイ衆酒場 RUFUS
            （ルフス）
            
          ",埼玉県さいたま市大宮区宮町4-4 花のシマムラビル 5F,"
                    https://www.instagram.com/https://www.instagram.com/rufus_thaifoods_wine/
"
"
            
            完全個室居酒屋 奏屋 南越谷
            （カンゼンコシツイザカヤカナデヤ）
            
          ",埼玉県越谷市南越谷2-2-12 コアーズビル 2F,
"
            
            小江戸の肉バル 蔵や
            
            
          ",埼玉県川越市新富町2-13-11,
"
            
            和食 紅琳
            （コウリン）
            
          ",埼玉県坂戸市南町3-2 グランドヒルズ福徳壱番館 2F,"
                    https://www.instagram.com/kourin3939
"
"
            
            旬菜家 介 宮原店
            （シュンサイヤカイミヤハラテン）
            
          ",埼玉県さいたま市北区宮原町3-317 ヒロックスビル1F,
"
            
            くいもの屋 わん 志木店
            
            
          ",埼玉県新座市東北2-39-10 ドゥーセット弐番館　５Ｆ,
"
            
            日本料理 花むら
            （ハナムラ）
            
          ",埼玉県羽生市上手子林460,
"
            
            宴会個室とお鍋 所沢日和 所沢プロぺ通り店
            （【旧店名】個室でバカ盛り 飲むか食べるか）
            
          ",埼玉県所沢市日吉町8-5 フジノビル 3F-B,
"
            
            個室居酒屋 蔵之介 熊谷店
            （【旧店名】味都）
            
          ",埼玉県熊谷市筑波2-49 二葉ビル  2F・3F,"
                    https://www.instagram.com/ajito_kumagaya
"
"
            
            地鶏専門個室 よし澄 さいたま新都心店 
            （【旧店名】地鶏専門個室居酒屋 鳥彩）
            
          ",埼玉県さいたま市大宮区吉敷町4-248-1 町田ビル 2F,
"
            
            九州 熱中屋 和光 LIVE
            （ネッチュウヤワコウライブ）
            
          ",埼玉県和光市丸山台1-10-6 志幸21ビル B1F,"
                    https://www.instagram.com/necchuya/
"
"
            
            3時間食べ飲み放題 2980円 個室居酒屋 一僖 大宮店
            
            
          ",埼玉県さいたま市大宮区仲町1-7-2 大宮仲町ホクシンビル 4F,
"
            
            豪快肉料理とクラフトビール 肉酒場SOKA80
            （ソウカエイティ）
            
          ",埼玉県草加市氷川町2148-1 アークプラザビル 4F,"
                    https://www.instagram.com/soka.80/
"
"
            
            馬肉専門卸問屋 勝馬
            
            
          ",埼玉県さいたま市中央区下落合1712,"
                    https://www.instagram.com/kachiuma_yono
"
"
            
            日本料理 四季彩
            （しきさい）
            
          ",埼玉県さいたま市浦和区仲町2-5-1 ロイヤルパインズホテル浦和 5F,
"
            
            大宮キッチン
            （OMIYA KITCHEN）
            
          ",埼玉県さいたま市大宮区大門町1-61-1 ＤＫ大宮ビル 4F,
"
            
            Red2
            （レッドツー）
            
          ",埼玉県さいたま市浦和区北浦和4-1-13 3F,"
                    https://www.instagram.com/masako.yamamoto.7370013/
"
"
            
            肉割烹 喰心
            （クウシン）
            
          ",埼玉県さいたま市大宮区仲町1-97-1 吉建ビルB1F,"
                    https://www.instagram.com/kushin_official/
"
"
            
            七輪焼肉 安安 指扇店
            
            
          ",埼玉県さいたま市西区大字指扇1068-1,
"
            
            牛楽苑 イオン南越谷店
            
            
          ",埼玉県越谷市南越谷1-2876-1 越谷サンシティ 1F,
"
            
            WILLIAMS BROOKLYN RESTAURANT
            （【旧店名】ウィリアムズコーヒーワークス）
            
          ",埼玉県久喜市久喜中央1-3-14,"
                    https://www.instagram.com/williams_brooklyn_restaurant
"
"
            
            九州地鶏×完全個室 地鶏匠 大宮店
            （じどりたくみ【旧店名】個室で味わう特選しゃぶしゃぶ 味彩）
            
          ",埼玉県さいたま市大宮区仲町1-17 DAITOビル 2F,
"
            
            まるし さいたま新都心店
            （マルシ）
            
          ",埼玉県さいたま市大宮区北袋町1-103-1 中村ビル　1F,
"
            
            肉まる
            
            
          ",埼玉県朝霞市仲町1-1-29 さらしなビル 1F,"
                    https://www.instagram.com/asaka2929
"
"
            
            modern cafe for tuna
            
            
          ",埼玉県川越市新富町1-12-13 アーバンビル クレアモール 2F,"
                    https://www.instagram.com/moderncafe_fortuna
"
"
            
            全170品食べ飲み放題 個室×チーズと肉バル VeSS 大宮店
            （ベス）
            
          ",埼玉県さいたま市大宮区桜木町1-3-1 宮下L2ビル 3F,
"
            
            川越 いちき クレアモール店
            
            
          ",埼玉県川越市新富町1-12-3,"
                    https://www.instagram.com/ichikikawagoe
"
"
            
            炭火 鳥もと
            （【旧店名】連雀町炭火焼き鳥 もとはし）
            
          ",埼玉県川越市連雀町7-2,"
                    https://www.instagram.com/torimoto08
"
"
            
            肉山 おおみや
            （にくやま おおみや）
            
          ",埼玉県さいたま市大宮区桜木町2-2-5 松村ビル 4F,"
                    https://www.instagram.com/nikuyamaoomiya/
"
"
            
            魚盛 大宮店
            
            
          ",埼玉県さいたま市大宮区桜木町1-5-7 ホームリィー5ビル 4Ｆ,
"
            
            全席個室居酒屋 忍家 若葉店
            
            
          ",埼玉県坂戸市千代田3-22-2,
"
            
            うみ道楽 志木駅前店
            
            
          ",埼玉県新座市東北2-39-10 ドゥーセットビル弐番館　５Ｆ,
"
            
            たまごカフェ
            
            
          ",埼玉県蓮田市閏戸2013-3,
"
            
            博多 もつ鍋と溶岩ホルモン焼き 華雫
            （カシズク）
            
          ",埼玉県さいたま市大宮区桜木町1-1-17 トリムビル　６Ｆ,
"
            
            北の味紀行と地酒 北海道 朝霞台店
            （Hokkaido）
            
          ",埼玉県朝霞市浜崎1-3-6 ルクール B1F,
"
            
            窯マチルダ
            （カママチルダ）
            
          ",埼玉県熊谷市筑波2-54 オーキッドビル 1F,
"
            
            パスタが美味しいイタリアン グッディーズカフェ
            
            
          ",埼玉県さいたま市浦和区仲町2-6-10,"
                    https://www.instagram.com/goodies_cafe
"
"
            
            近江屋精肉店 所沢亭
            
            
          ",埼玉県所沢市東住吉6-2,"
                    https://www.instagram.com/oumiya_tokoro
"
"
            
            卸）せんげん台食肉センター 和
            （NAGOMI）
            
          ",埼玉県越谷市千間台東1-1-6 クオレ千間台ビル 2Ｆ,
"
            
            酒楽庵
            
            
          ",埼玉県所沢市日吉町8-3 三上ビル2F,"
                    https://www.instagram.com/shurakuan01/?hl=ja
"
"
            
            餃子酒場永順
            
            
          ",埼玉県さいたま市大宮区宮町1-82 大宮河西ビル,
"
            
            七輪焼肉 安安 川口店
            
            
          ",埼玉県川口市栄町3-10-13 小林ﾋﾞﾙ2F,
"
            
            居酒屋 うかい
            
            
          ",埼玉県坂戸市南町2-3 開運ビル 1F,
"
            
            全席個室 楽蔵 大宮東口駅前店
            （RAKUZO）
            
          ",埼玉県さいたま市大宮区大門町1-61-1 DK大宮ビル3階,
"
            
            イルキャンティ バーゼ 入間店
            （iL-CHIANTI BASE【旧店名】イルキャンティカフェ）
            
          ",埼玉県入間市東町1-7-13 ジョンソンタウン内,
"
            
            うりずんの風
            （ウリズンノカゼ）
            
          ",埼玉県川越市脇田町6-4 尾高ビル　２Ｆ,
"
            
            南欧田舎料理のお店タパス
            （Tapas）
            
          ",埼玉県さいたま市大宮区大門町2-109 大越ビル　１Ｆ,"
                    https://www.instagram.com/tapas5500
"
"
            
            寿司海鮮 御旦孤 さいたま新都心店
            （すしかいせん おたんこ）
            
          ",埼玉県さいたま市中央区新都心10 けやきひろば  1F,
"
            
            ダーツバー＆ダイニング REGALO 大宮東口駅前店
            （レガロ）
            
          ",埼玉県さいたま市大宮区大門町1-92,
"
            
            大衆酒場どんどん 南越谷店
            
            
          ",埼玉県越谷市南越谷1-20-5 サンライズ南越谷 1F,"
                    https://www.instagram.com/taishudondon/
"
"
            
            個室居酒屋 美味門 大宮店
            （コシツイザカヤ ウマイモン）
            
          ",埼玉県さいたま市大宮区桜木町1-8-3 サンユービル 5Ｆ,
"
            
            三郷 焼肉 勉強
            
            
          ",埼玉県三郷市早稲田2-3-14 2F,"
                    https://www.instagram.com/yakiniku_benkei/?hl=ja
"
"
            
            しゃぶしゃぶ温野菜 和光市南口店
            （しゃぶしゃぶおんやさい）
            
          ",埼玉県和光市丸山台1-4-4-1F,
"
            
            大宮牛タンいろ葉
            
            
          ",埼玉県さいたま市大宮区宮町1-77-5 マガザン大宮,"
                    https://www.instagram.com/omiyairoha/
"
"
            
            旬菜 鮮魚 いちえ
            
            
          ",埼玉県さいたま市南区南本町1-3-12,"
                    https://www.instagram.com/syunsaisengyo.ichie
"
"
            
            signpost
            （サインポスト）
            
          ",埼玉県川口市幸町2-2-16 クレールマルシェ 202,"
                    https://www.instagram.com/signpost_wine_kawaguchi/
"
"
            
            居酒屋 ようすけ
            
            
          ",埼玉県春日部市中央1-9-13 M2ビル満天横丁 1F,"
                    https://www.instagram.com/izakayayosuke0501
"
"
            
            ヴィレッジヴァンガードダイナー イオンレイクタウン
            （Village Vanguard DINER ）
            
          ",埼玉県越谷市レイクタウン3-1-1 イオンレイクタウン MORI 1F,"
                    https://www.instagram.com/vvd_aeonlaketown/?hl=ja
"
"
            
            シュラスコレストランCalendula
            （Calêndula/カレンドゥラ）
            
          ",埼玉県さいたま市大宮区宮町2-8-2 第9松ビル 2F,
"
            
            七輪焼肉 安安  所沢店
            
            
          ",埼玉県所沢市北中1-265-6,
"
            
            柳生の庄
            （やぎゅうのしょう）
            
          ",埼玉県富士見市鶴馬3466-3,
"
            
            あな蔵
            
            
          ",埼玉県久喜市中央4-1-4,
"
            
            イタリアンダイニングDONA 川越店
            
            
          ",埼玉県川越市脇田町24-9 エキア川越  3F,
"
            
            川越薪火料理 in the park
            
            
          ",埼玉県川越市脇田本町8-1 U_PLACE 2F,"
                    https://www.instagram.com/positivedreampersons_inc/
"
"
            
            シュラスコ＆ビアレストラン ALEGRIA 大宮
            （アレグリア）
            
          ",埼玉県さいたま市大宮区宮町1-42 藤堂セントラルビル 2F,
"
            
            三陸直送 プリプリ牡蠣と新鮮魚介 いわて三陸漁場直送酒場 八○
            （ハチマル）
            
          ",埼玉県草加市氷川町2149-20 氷川町ストアーズ,
"
            
            すし小粋
            
            
          ",埼玉県さいたま市浦和区北浦和5-1-2,"
                    https://www.instagram.com/sushi__koiki/
"
"
            
            大宮ガーデンファーム 大宮店
            
            
          ",埼玉県さいたま市大宮区大門町1-69 武蔵屋ビル 1F,"
                    https://www.instagram.com/garden_farm_/
"
"
            
            魚盛 浦和店
            
            
          ",埼玉県さいたま市浦和区東仲町1-23 浦和駅東口石井ビル　2F,
"
            
            七輪焼肉 安安 アリオ川口店
            
            
          ",埼玉県川口市並木元町1-79 アリオ川口 3F,
"
            
            ラクレットチーズ専門店 ハスダ バル
            
            
          ",埼玉県蓮田市本町1-23 ヘイジ―第一ビル 2F,"
                    https://www.instagram.com/hasuda_bar/
"
"
            
            やきとりセンター 大宮東口店
            
            
          ",埼玉県さいたま市大宮区宮町1丁目9 湯沢ビルB1,"
                    https://www.instagram.com/yakitoricenta0618/
"
"
            
            がぜん 南越谷店
            
            
          ",埼玉県越谷市南越谷1-23-1 １Ｆ,
"
            
            Spicy Motel CURRY&GRILL
            
            
          ",埼玉県蕨市中央1-33-4,"
                    https://www.instagram.com/spicy_motel
"
"
            
            うなぎ　はす沼
            
            
          ",埼玉県さいたま市緑区東浦和6-9-3,
"
            
            酒場ハイカラトンボ 所沢東口店
            
            
          ",埼玉県所沢市くすのき台3-16-2 坂間ハイツ 105,"
                    https://www.instagram.com/hikara_tombo/?hl=ja
"
"
            
            土間土間 大宮東口店
            
            
          ",埼玉県さいたま市大宮区宮町1-75 レックス大宮 7F,
"
            
            酒菜工房禅や
            
            
          ",埼玉県熊谷市筑波3-85,
"
            
            ナチュール
            （NATURE）
            
          ",埼玉県所沢市上山口104-4,"
                    https://www.instagram.com/nature.tokorozawa/
"
"
            
            北海道バル TOKAPU 大宮店
            （【旧店名】北海道の台所 初代 銀トロ）
            
          ",埼玉県さいたま市大宮区宮町1-51 一番街ビル 2F,
"
            
            料亭 大宮 一の家
            （いちのや）
            
          ",埼玉県さいたま市大宮区高鼻町2-276,"
                    https://www.instagram.com/omiya_ichinoya
"
"
            
            旬楽　飃
            （【旧店名】近伴）
            
          ",埼玉県さいたま市浦和区高砂1-4-1 ABCビル 1F,
"
            
            スタイル酒場 サイのテーブル
            
            
          ",埼玉県上尾市仲町1-7-23 サンシャイン43,"
                    https://www.instagram.com/saino_table?igshid=odwxdga9gwex
"
"
            
            パルテール
            
            
          ",埼玉県さいたま市大宮区桜木町1-7-5 パレスホテル大宮  1F,
"
            
            蘭茶
            
            
          ",埼玉県熊谷市筑波3-77-2,"
                    https://www.instagram.com/rancha000
"
"
            
            ヴェルペングリル
            （WELPEN GRILL）
            
          ",埼玉県飯能市中山319-4,"
                    https://www.instagram.com/welpen_grill
"
"
            
            備長扇屋 戸田店
            
            
          ",埼玉県戸田市新曽199-1,
"
            
            肉亭 ナカムラ
            
            
          ",埼玉県越谷市北越谷2-20-16 MＩビル 2Ｆ,"
                    https://www.instagram.com/nikutei_nakamura/
"
"
            
            備長扇屋 戸田公園店
            
            
          ",埼玉県戸田市本町4-16-17 1F,
"
            
            やきとりの扇屋 新座店
            
            
          ",埼玉県新座市野火止5-3-11,
"
            
            桜茶屋
            （サクラジャヤ）
            
          ",埼玉県さいたま市岩槻区城町2-6-54,
"
            
            S PRESS CAFE
            （エスプレスカフェ）
            
          ",埼玉県さいたま市南区沼影1-11-1 高田製薬本社ビル 1F,"
                    https://www.instagram.com/s_press_cafe
"
"
            
            本陣串や 西川口駅前店
            
            
          ",埼玉県川口市並木3-3-6 フラワーマンション1F,
"
            
            魚匠 基  大門町
            （ウオショウ モトシ ダイモンチョウ）
            
          ",埼玉県さいたま市大宮区大門町2-23,
"
            
            ニューワンちゃん
            
            
          ",埼玉県新座市東北2-39-8 永代ビル B1F,"
                    https://www.instagram.com/newwanchan.shiki/?hl=ja
"
"
            
            備長扇屋 岩槻店
            （びんちょうおうぎや）
            
          ",埼玉県さいたま市岩槻区南平野408,
"
            
            やきとりの扇屋 三芳藤久保店 
            
            
          ",埼玉県入間郡三芳町藤久保781-1,
"
            
            トリッパイオ アトレ浦和店
            
            
          ",埼玉県さいたま市浦和区高砂1-16-12 アトレ浦和North Area,"
                    https://www.instagram.com/trippaio_atre_urawa
"
"
            
            ビストロ酒場　URAROJI
            （（ウラロジ））
            
          ",埼玉県蕨市中央1-29-4 ST　FRONT２ND　１F～２F,
"
            
            やきとりの扇屋 八潮店
            
            
          ",埼玉県八潮市大瀬1-11-17,
"
            
            鮨前と酒　中和浦
            
            
          ",埼玉県さいたま市南区鹿手袋2-5-15 市川ビル,
"
            
            ナチュラルダイニング菜素美
            （Ｎａｔｕｒａｌ　Ｄｉｎｉｎｇ）
            
          ",埼玉県さいたま市浦和区高砂1-2-1 エイペックスタワー浦和111 1F,
"
            
            牛角 西川口店
            （ギュウカク）
            
          ",埼玉県川口市並木2-2-5 第２星野ビル　１Ｆ,
"
            
            炭火焼 もりのした
            
            
          ",埼玉県さいたま市浦和区北浦和4-6-1 ポピー北浦和,"
                    https://www.instagram.com/sumibiyaki.morinoshita
"
"
            
            明香音
            
            
          ",埼玉県川口市栄町2-1-11 ブランズ川口栄町パークフロント106,
"
            
            やきとりの扇屋 上尾大谷店
            
            
          ",埼玉県上尾市大谷本郷字北久保719-1,
"
            
            大衆すし酒場 じんべえ太郎 北浦和店
            
            
          ",埼玉県さいたま市浦和区北浦和4-1-1 群青ビル 1F～2F,
"
            
            備長扇屋 上尾井戸木店
            （びんちょうおうぎや）
            
          ",埼玉県上尾市井戸木2-15-8,
"
            
            串カツ田中 川口店
            
            
          ",埼玉県川口市栄町3-10-13,
"
            
            ボンボヤージュ 川口店
            （Bonvoyage）
            
          ",埼玉県川口市栄町3-8-3 kawaguchi ex 3F,"
                    https://www.instagram.com/Bonvoyage0515
"
"
            
            ザ・レッド・タグ
            （THE RED TUG）
            
          ",埼玉県朝霞市西原1-2-47 アルテモカビル  4F,
"
            
            やきとりの扇屋 狭山富士見店
            
            
          ",埼玉県狭山市富士見2-13-13,
"
            
            甲州屋別邸
            
            
          ",埼玉県さいたま市浦和区高砂1丁目13-9,
"
            
            やきとりの扇屋 三郷中央駅前店
            
            
          ",埼玉県三郷市中央3-1-4,
"
            
            鉄板焼きダイニング Ryu
            
            
          ",埼玉県川口市 栄町3-2-1 川口KIKビル 2F,"
                    https://www.instagram.com/https://www.instagram.com/teppanyaki.ryu/
"
"
            
            やきとりの扇屋 浦和美園店
            
            
          ",埼玉県さいたま市緑区美園4-6-6,
"
            
            モッツバー 翠
            
            
          ",埼玉県さいたま市大宮区大門町2-27,
"
            
            やきとりの扇屋 東浦和店
            
            
          ",埼玉県さいたま市緑区大牧字梅所1513,
"
            
            CHEZ MADU by BUTTER & DEL’IMMO 越谷店
            
            
          ",埼玉県越谷市レイクタウン4-2-2 イオンレイクタウンkaze 2F,"
                    https://www.instagram.com/butterinfo/
"
"
            
            浦和こてがえし
            
            
          ",埼玉県さいたま市浦和区東高砂町11-1 浦和パルコ  5Ｆ,
"
            
            中国料理 彩湖
            （サイコ）
            
          ",埼玉県さいたま市浦和区仲町2-5-1 ロイヤルパインズホテル浦和 18F,
"
            
            肉バル ジラソーレ
            （girasole）
            
          ",埼玉県さいたま市浦和区仲町2-15-8,"
                    https://www.instagram.com/carnebar.girasole/
"
"
            
            テラスダイニング ミケーラ
            
            
          ",埼玉県さいたま市浦和区仲町2-5-1 ロイヤルパインズホテル浦和 1F,
"
            
            Italian Kitchen VANSAN 南浦和店
            
            
          ",埼玉県さいたま市南区南浦和2-44-7 ピュアプレジール 1F,"
                    https://www.instagram.com/italian_kitchen_vansan
"
"
            
            たぬき 
            
            
          ",埼玉県加須市諏訪2丁目6-6,"
                    https://www.instagram.com/numakuraryuusuke/
"
"
            
            soba-ya 榛名
            （ハルナ）
            
          ",埼玉県さいたま市桜区田島5-10-5 土屋第５ビル　１Ｆ,"
                    https://www.instagram.com/sobayaharuna/
"
"
            
            焼肉ココロ 箱田店
            
            
          ",埼玉県熊谷市箱田6-17-30,"
                    https://www.instagram.com/cocoro.hakoda/?hl=ja
"
"
            
            御黒堂 東松山店
            
            
          ",埼玉県東松山市箭弓町1-6-13,
"
            
            大阪バル ええやん
            
            
          ",埼玉県さいたま市大宮区仲町1-80 モリクマ4 1F,"
                    https://www.instagram.com/osakabal.eyan
"
"
            
            MODECURRY
            
            
          ",埼玉県深谷市上野台2352 ダイアパレスBW深谷 139,"
                    https://www.instagram.com/modecurry2019
"
"
            
            きづなすし 大宮南銀座通り店
            
            
          ",埼玉県さいたま市大宮区仲町1-15 VORT大宮 1F,"
                    https://www.instagram.com/sfp_kizunasushi_official/
"
"
            
            秩父焼肉ホルモン まる助 上福岡駅前店
            
            
          ",埼玉県ふじみ野市上福岡1-6-1 DM上福岡ビル 1F,
"
            
            ダナパニ
            （【旧店名】チャパティダイニング）
            
          ",埼玉県和光市本町9-40 ソラン 2F,
"
            
            VOLENTE-048
            （ヴォランティゼロヨンハチ）
            
          ",埼玉県さいたま市浦和区仲町1-10-15,"
                    https://www.instagram.com/volente048
"
"
            
            炭火焼肉 ホルモン処 縁
            （エン）
            
          ",埼玉県深谷市上柴町東4-16-10,"
                    https://www.instagram.com/fukaya.en2019
"
"
            
            KANTON 与野店
            
            
          ",埼玉県さいたま市浦和区上木崎1-9-15 グランデュオ南街区 108-C,
"
            
            焼肉バル ニューニクロザワ
            
            
          ",埼玉県所沢市緑町1-1-6 グランドパレス 105,"
                    https://www.instagram.com/new296zawa
"
"
            
            串焼き なみごろ
            
            
          ",埼玉県さいたま市南区南浦和2-41-7,
"
            
            全品食べ飲み放題 肉バル＆イタリアン KUISHINBOU 川越駅前店
            （【旧店名】個室肉バル #29ゴリラ）
            
          ",埼玉県川越市菅原町22-2 第二MSビル,
"
            
            喫茶 ぱわーすぽっと
            
            
          ",埼玉県川口市東領家2-8-19,"
                    https://www.instagram.com/powersppot
"
"
            
            世界の山ちゃん 所沢店
            
            
          ",埼玉県所沢市日吉町9-20 第80東京ビル B1F,
"
            
            炭火串焼 二階の東家
            （【旧店名】日本晴ル AZUMAYA）
            
          ",埼玉県所沢市久米593-1 2F,"
                    https://www.instagram.com/azumaya20151015
"
"
            
            刀削麺・火鍋・西安料理 XI’AN 大宮店
            （【旧店名】刀削麺の王様）
            
          ",埼玉県さいたま市大宮区大門町2-25-3 1F,
"
            
            秩父ホルモン酒場 まる助 北浦和店
            
            
          ",埼玉県さいたま市浦和区北浦和1-2-2 万寿長園ビル 1F,
"
            
            秩父焼肉ホルモン酒場 まる助 東松山駅前店
            
            
          ",埼玉県東松山市箭弓町1-12-8 大谷ビル 1F,
"
            
            大龍城 火鍋 四季中華
            
            
          ",埼玉県川口市西川口1-5-22 増田ビル 4F,
"
            
            割烹 神谷
            （かみや）
            
          ",埼玉県川口市栄町2-1-26 神谷ビル　１Ｆ・２Ｆ,
"
            
            串カツ さくッ咲
            
            
          ",埼玉県川口市西川口1-20-1,
"
            
            秩父ホルモン酒場 まる助 坂戸駅前店
            
            
          ",埼玉県坂戸市南町2-13 森田ビル 1F,
"
            
            いちき
            
            
          ",埼玉県坂戸市千代田3-21-2 若葉駅前ハイツ １Ｆ,
"
            
            彩懐石　東浦和高砂
            
            
          ",埼玉県さいたま市緑区東浦和1-21-1,
"
            
            おでん はらはま
            
            
          ",埼玉県三郷市早稲田2-24-20,
"
            
            元六庵 寄居店
            （げんろくあん）
            
          ",埼玉県大里郡寄居町大字末野928,
"
            
            くいもの屋わん 上尾西口駅前店
            
            
          ",埼玉県上尾市谷津2-1-25 ショーサン上尾ビル 1F,
"
            
            土風炉 所沢店
            （とふろ）
            
          ",埼玉県所沢市日吉町3-7 所沢スカイビュービル　Ｂ１Ｆ,
"
            
            カフェ＆バーシーガル
            
            
          ",埼玉県さいたま市大宮区宮町1-39-3,"
                    https://www.instagram.com/pizzamesse_oomiya
"
"
            
            日ノ出食堂
            
            
          ",埼玉県さいたま市見沼区深作1-27-2,
"
            
            スペインバル Zion
            （ザイオン）
            
          ",埼玉県さいたま市大宮区大門町2-111-3,"
                    https://www.instagram.com/spainbarzion
"
"
            
            niko and ... COFFEE イオンレイクタウン
            
            
          ",埼玉県越谷市レイクタウン3-1-1 イオンレイクタウンmori 2F,
"
            
            炭火焼肉 もう庭
            
            
          ",埼玉県戸田市川岸2-5-15,
"
            
            食道楽 本庄店
            
            
          ",埼玉県本庄市駅南2-3-15 澁澤ビル1F,
"
            
            和皿三笑
            
            
          ",埼玉県さいたま市大宮区桜木町4-40,"
                    https://www.instagram.com/wasarasanshou/ 
"
"
            
            BISTRO CHINESE OSAWA
            
            
          ",埼玉県さいたま市大宮区大門町3-103-2 2F,
"
            
            和牛焼肉　獅子神
            
            
          ",埼玉県熊谷市筑波3-76,
"
            
            串や きら★ 戸田公園2号店
            
            
          ",埼玉県戸田市本町2-15-1,"
                    https://www.instagram.com/kiraboshi_todakoen
"
"
            
            串や きら★ 蕨店
            （きらぼし）
            
          ",埼玉県蕨市塚越1-3-3,"
                    https://www.instagram.com/kiraboshi_warab
"
"
            
            YEBISU BAR グランエミオ所沢店
            
            
          ",埼玉県所沢市くすのき台一丁目14-5 グランエミオ所沢 3F,
"
            
            海鮮居酒屋 川越 肴や
            （さかなや）
            
          ",埼玉県川越市脇田本町25-2 ホンダ弐番館ビル1F,
"
            
            串や きら★ 戸田公園1号店
            （きらぼし）
            
          ",埼玉県戸田市本町4-16-3,"
                    https://www.instagram.com/kiraboshi_todakoen
"
"
            
            大衆個室酒場 まじめや ふじみ野店
            （【旧店名】ちょはっかい）
            
          ",埼玉県富士見市ふじみ野東1-13-3 EMIASふじみ野 1F,
"
            
            金嶋
            （KANESHIMA）
            
          ",埼玉県さいたま市北区宮原町3-514-5,
"
            
            肉バル タンジン商店
            
            
          ",埼玉県さいたま市中央区下落合1711 ｼﾃｨﾏｰｸﾀﾜｰ21,
"
            
            RESTAURANT SALT
            （レストラン ソルト）
            
          ",埼玉県さいたま市浦和区高砂4-4-19 TACビル１F,"
                    https://www.instagram.com/urawa_salt/
"
"
            
            ろばた焼　和和
            
            
          ",埼玉県さいたま市浦和区北浦和4-5-8 吉田ビル地下一階,"
                    https://www.instagram.com/users/robata7575/
"
"
            
            フォレストの小さな贅沢
            
            
          ",埼玉県川越市仙波町2-17-1,
"
            
            焼肉 万里 大宮すずらん通り店
            
            
          ",埼玉県さいたま市大宮区大門町1-20-58 角井ビルⅢ 2F,
"
            
            くいもの屋 わん 松原団地東口店
            
            
          ",埼玉県草加市栄町2-11-7 オオジマヤビル 3Ｆ,
"
            
            割烹 松葉寿司
            （カッポウマツバズシ）
            
          ",埼玉県川口市芝樋ノ爪1-12-36,
"
            
            零
            （zero）
            
          ",埼玉県越谷市南越谷4-12-5 朝日プラザ 1F,"
                    https://www.instagram.com/zero_dining/
"
"
            
            おやさいダイニング レストラン MORINIWA
            
            
          ",埼玉県入間郡越生町上野3083-1 ビオリゾート ホテル＆スパ オーパークおごせ 1F,"
                    https://www.instagram.com/opark_ogose/
"
"
            
            ally
            （アリー）
            
          ",埼玉県所沢市緑町2-7-2 宝寿ビル1F,"
                    https://www.instagram.com/ally.shintoko
"
"
            
            秩父ホルモン酒場 まる助 西武秩父駅店
            
            
          ",埼玉県秩父市熊木町9-5 1F,
"
            
            銀座ライオン さいたま新都心店
            
            
          ",埼玉県さいたま市中央区新都心10 けやきひろば  1F,
"
            
            焼肉 万里 大宮南銀通り店
            
            
          ",埼玉県さいたま市大宮区大門町1-67 豊栄ビル 1F,
"
            
            新道山家
            （しんどうやまや）
            
          ",埼玉県さいたま市大宮区堀の内町3-110,"
                    https://www.instagram.com/shindoyamaya/
"
"
            
            炭火焼肉 竜元・上福ブッチャーズ
            
            
          ",埼玉県ふじみ野市上福岡1-7-21,
"
            
            本格インド料理 マンディル ララガーデン春日部店
            （Indian Restaurant Mandir）
            
          ",埼玉県春日部市南1-1-1 ララガーデン春日部  3F,
"
            
            あげぱんCafé&Bar 毛呂山店
            
            
          ",埼玉県入間郡毛呂山町大字毛呂本郷1178,"
                    https://www.instagram.com/agepancafe0907/
"
"
            
            087cafe 東浦和店
            （オハナカフェ）
            
          ",埼玉県さいたま市緑区東浦和1-5-11,"
                    https://www.instagram.com/ohana.works
"
"
            
            Italian Kitchen VANSAN 川口店
            
            
          ",埼玉県川口市幸町2-2-22 ホワイトエデン 1F,"
                    https://www.instagram.com/italian_kitchen_vansan
"
"
            
            くいもの屋わん 東大宮店
            
            
          ",埼玉県さいたま市見沼区東大宮5-37-1 第2葉山ビル 2F,"
                    https://www.instagram.com/https://www.instagram.com/?hl=ja
"
"
            
            炭火焼鳥家 ちきちき
            
            
          ",埼玉県さいたま市浦和区東仲町8-16,"
                    https://www.instagram.com/chikichikiya
"
"
            
            元祖やきとり串八珍 北浦和店
            
            
          ",埼玉県さいたま市浦和区北浦和4-1-7 川口ビル 1F,
"
            
            京鼎樓 ららぽーと新三郷店
            
            
          ",埼玉県三郷市新三郷ららシティ3-1-1 ららぽーと新三郷  2F 209,
"
            
            四季の里 朝霞台・北朝霞店
            
            
          ",埼玉県朝霞市浜崎1-7-29,"
                    https://www.instagram.com/shikinosato_asakadai/
"
"
            
            焼肉 万里 武蔵浦和店
            （バンリ）
            
          ",埼玉県さいたま市南区別所7-7-7,
"
            
            リストランテオガワ
            
            
          ",埼玉県さいたま市大宮区東町2-288-1 鈴木ビル 1F,
"
            
            BAYFLOW cafe イオンレイクタウン
            
            
          ",埼玉県越谷市レイクタウン3-1-1 イオンレイクタウンmori 1F,
"
            
            水炊き・焼鳥・鶏餃子 とりいちず 川越クレアモール店
            
            
          ",埼玉県川越市脇田町6-20 今井ビル 2F,
"
            
            料理店 ワイルドキャット
            （料理店 wildcat）
            
          ",埼玉県所沢市小手指町1-22-13,
"
            
            鮨処 九十九 西武所沢店
            （ツクモズシ）
            
          ",埼玉県所沢市日吉町12-1 西武所沢店  8F,
"
            
            enoteca d'ora
            
            
          ",埼玉県さいたま市浦和区仲町2-17-10 柳田ビル2Ｆ,
"
            
            シェフズキッチンシュン
            （Chefs Kitchen Shun）
            
          ",埼玉県さいたま市大宮区宮町1-95,
"
            
            酒処かくえい
            
            
          ",埼玉県北本市中央4-153-2,
"
            
            ベース ダイナー
            （BASE Diner）
            
          ",埼玉県熊谷市籠原南2-355,"
                    https://www.instagram.com/basediner/?hl=ja
"
"
            
            四海聚 田谷店
            （スハイシュウ）
            
          ",埼玉県深谷市田谷193-1,
"
            
            Mrs.hamburger
            
            
          ",埼玉県川越市連雀町8-1 Hatago COEDOYA,
"
            
            千串屋本舗 岩槻店
            
            
          ",埼玉県さいたま市岩槻区本町3-11-6 1F,
"
            
            韓豚屋 大宮店
            （ハンテジヤ）
            
          ",埼玉県さいたま市大宮区宮町1-86-1 大宮イーストビル,
"
            
            trattoriatimbro
            （トラットリア ティンブロ）
            
          ",埼玉県さいたま市大宮区上小町603-1 新横溝ビル 1F,
"
            
            ラ プロメッサ
            
            
          ",埼玉県さいたま市浦和区上木崎1-3-32 2F,"
                    https://www.instagram.com/promessa.2017
"
"
            
            じゃんじゃん
            
            
          ",埼玉県さいたま市浦和区常盤9-34-12,
"
            
            Oyster bar UOICHI
            （ウオイチ）
            
          ",埼玉県所沢市美原町5-2040-2,"
                    https://www.instagram.com/uoichi.shintoko
"
"
            
            焼肉ホルモン まる味
            （マルミ）
            
          ",埼玉県川口市西川口3-30-19 メゾンサラーム 1F,"
                    https://www.instagram.com/marumi.8383
"
"
            
            和つき
            
            
          ",埼玉県さいたま市浦和区岸町3-16-7 蓮見ビル 1F,"
                    https://www.instagram.com/ikustaw/
"
"
            
            Jack Pot
            
            
          ",埼玉県川越市中原町2-4-3 ア-バンビル中原町 2F,
"
            
            初音屋
            
            
          ",埼玉県川越市中原町1-2-2 第2櫻進ビル 2F,
"
            
            トラットリアボナペティ
            
            
          ",埼玉県さいたま市見沼区大和田町1-695-1,"
                    https://www.instagram.com/trattoria_bonappetit/
"
"
            
            洋食バル 函館五島軒 ルミネ大宮店
            
            
          ",埼玉県さいたま市大宮区錦町630 ルミネ2大宮 4F,
"
            
            麺屋こころ 蕨店
            
            
          ",埼玉県蕨市中央1-3-1 ぬくいビル1F,
"
            
            イタリアン食堂 アルカティ
            
            
          ",埼玉県朝霞市仲町2-2-44 パ-ルウィング 6F-B,"
                    https://www.instagram.com/italian_bar_arukati/
"
"
            
            あかつき
            
            
          ",埼玉県熊谷市筑波2-87,
"
            
            朝霞 日本酒バル まいかけ
            
            
          ",埼玉県朝霞市仲町2-2-11 セイコーガーデン朝霞2F,"
                    https://www.instagram.com/maikake2141/
"
"
            
            ビアザウルスTUSK
            （ビアザウルスタスク）
            
          ",埼玉県川越市菅原町5-21 郷土開発ビル2F,
"
            
            食為天
            
            
          ",埼玉県草加市高砂1-5-17,"
                    https://www.instagram.com/souka_syokuitenn
"
"
            
            焼肉 バンザイミート
            
            
          ",埼玉県さいたま市南区沼影1-6-19 霜田ビル 3F,
"
            
            やきおにキッチン 越谷大袋店
            
            
          ",埼玉県越谷市袋山412-1 只見ハイツ 1F,
"
            
            牡鹿半島 浜人
            （ハマント）
            
          ",埼玉県さいたま市大宮区宮町2-77-1 マル星第1ビル 1F,
"
            
            ととや
            
            
          ",埼玉県さいたま市浦和区仲町1-8-5,
"
            
            新羅亭
            （【旧店名】八方美人）
            
          ",埼玉県川口市並木2-33-10,
"
            
            マーケットレストランAGIO 浦和店
            （マーケットレストランアジオ）
            
          ",埼玉県さいたま市浦和区高砂1-14-7 伊勢丹アイプラス1ビル 1F,
"
            
            土間土間 南越谷店
            
            
          ",埼玉県越谷市南越谷1-26-14 Ko'z-l ビル 2F,
"
            
            土間土間 春日部店
            （どまどま）
            
          ",埼玉県春日部市中央1-1-8 第６宝光ビル　２Ｆ,
"
            
            がしみ屋
            
            
          ",埼玉県さいたま市見沼区東大宮4-18-1 2F,
"
            
            瑞麟
            （ズイリン）
            
          ",埼玉県さいたま市大宮区桜木町1-7-5 パレスホテル大宮  2F,
"
            
            鉄板焼dining 炉庵
            （roan）
            
          ",埼玉県熊谷市筑波2-65-2 新川屋ビル 3F,
"
            
            山水 三郷店
            
            
          ",埼玉県三郷市上彦名647-11,
"
            
            欅
            （けやき）
            
          ",埼玉県さいたま市大宮区桜木町1-7-5 パレスホテル大宮  2F,"
                    https://www.instagram.com/palacehotelomiya.official
"
"
            
            北の国バル 上尾店
            
            
          ",埼玉県上尾市宮本町3-2 A-GEO TOWN 1F,
"
            
            GRANDCHINA0038
            （グランチャイナ）
            
          ",埼玉県さいたま市大宮区大門町1-71-1 1F,
"
            
            海鮮個室居酒屋 魚酒 みずほ台
            （ウオザケ）
            
          ",埼玉県富士見市東みずほ台1-4-1 サニ-クレストみずほ台 201,
"
            
            焼肉虎
            （タイガ）
            
          ",埼玉県草加市高砂2-7-1 アコス,"
                    https://www.instagram.com/taiga_soka
"
"
            
            たけぞう路地裏食堂
            
            
          ",埼玉県さいたま市大宮区大門町2-28,
"
            
            circolo park
            （チルコロパーク）
            
          ",埼玉県鴻巣市本町1-7-1,
"
            
            やきとん 祭花 深谷店
            
            
          ",埼玉県深谷市西島町3-5-6,
"
            
            土間土間 草加店
            （ドマドマ）
            
          ",埼玉県草加市氷川町2126-5 第３ケイユービル3F,
"
            
            鰻・天ぷら割烹 萬木
            （ユルギ）
            
          ",埼玉県さいたま市大宮区下町1-40-1 鈴木ビル 1F,
"
            
            元祖武蔵野うどん めんこや 本店
            
            
          ",埼玉県川越市大字鴨田1984-1 （埼玉医大となり）,
"
            
            cimai
            （シマイ）
            
          ",埼玉県幸手市大字幸手2058-12,"
                    https://www.instagram.com/cimaipain
"
"
            
            健康中華庵 青蓮 大宮西口店
            （セイレン）
            
          ",埼玉県さいたま市大宮区桜木町1-10-18 シーノ大宮センタープラザ 1F,
"
            
            手打ちうどん　 いしづか
            
            
          ",埼玉県桶川市南1-7-5,
"
            
            オークウッド
            （Oak wood）
            
          ",埼玉県春日部市八丁目966-51,"
                    https://www.instagram.com/oakwood2004/
"
"
            
            オークウッド
            （Oak wood）
            
          ",埼玉県春日部市八丁目966-51,
"
            
            ぶっかけうどん 小野
            （おの）
            
          ",埼玉県さいたま市中央区本町東5-13-21,"
                    https://www.instagram.com/ono_udon03
"
"
            
            割烹 博多
            
            
          ",埼玉県越谷市瓦曽根1-1-13,
"
            
            REGO
            （レゴ）
            
          ",埼玉県さいたま市浦和区東高砂町14-1 旭ビル　Ｂ１Ｆ,
"
            
            中華料理 香香
            （シャンシャン）
            
          ",埼玉県さいたま市浦和区北浦和1-2-6,
"
            
            あさかのビストロBocO
            （ボコ）
            
          ",埼玉県朝霞市本町2-4-7 清水ビル2 1F,
"
            
            串焼きもつ鍋 まるまさ
            （【旧店名】もののふ）
            
          ",埼玉県越谷市南越谷1-13-7 ハローマート 1F,"
                    https://www.instagram.com/mononohunankoshi/?hl=ja
"
"
            
            海鮮居酒屋 大宮 とら
            
            
          ",埼玉県さいたま市大宮区大門町1-1 山田ビル　２Ｆ,
"
            
            ラ トマテリア
            （La Tomateria）
            
          ",埼玉県さいたま市大宮区桜木町2-158-2 スプリングアートビル 1F,"
                    https://www.instagram.com/000la.tomateria000/
"
"
            
            七輪焼肉 安安 吉川店
            （アンアン）
            
          ",埼玉県吉川市木売2-4-2 柴田ビル　１Ｆ,
"
            
            鳥彩々 大宮東口仲町店
            （トリサイサイ）
            
          ",埼玉県さいたま市大宮区仲町1-21-2 南銀ビル,
"
            
            Grill&Smoke グリルノ
            
            
          ",埼玉県川口市本町4-5-1 藤和川口本町コープ 205,"
                    https://www.instagram.com/guriruno
"
"
            
            牛角 八潮店
            
            
          ",埼玉県八潮市西袋1343,
"
            
            やきとりやきとん 十四
            （ジューシー）
            
          ",埼玉県川口市西川口1-8-2 萩原ビル　1F,
"
            
            焼肉 貴文
            （キモン）
            
          ",埼玉県富士見市東みずほ台1-1-8,"
                    https://www.instagram.com/yakinikukimon/?hl=ja
"
"
            
            串まつり A-151
            
            
          ",埼玉県越谷市南越谷4-5-21 KO'z零 1F,"
                    https://www.instagram.com/a151matsuri/
"
"
            
            地中海酒場 ココチーノ 南浦和店
            
            
          ",埼玉県さいたま市南区南浦和2-29-16,
"
            
            牛しゃぶ牛すき食べ放題 但馬屋 新越谷VARIE店
            
            
          ",埼玉県越谷市南越谷1-11-4 新越谷VARIE 5F,
"
            
            居酒屋 天の太助 越谷店
            （ぎゅうたん てんのたすけ）
            
          ",埼玉県越谷市弥生町3-41,"
                    https://www.instagram.com/ten.no.tasuke/
"
"
            
            隠れ家個室居酒屋 隠れ坊 南越谷店
            
            
          ",埼玉県越谷市南越谷1-22-1 ホテルサンオーク B1F,"
                    https://www.instagram.com/kakurebou/
"
"
            
            カルネヴァーレ シータ
            （CARNEVALE THETA）
            
          ",埼玉県所沢市東住吉5-10 1F,"
                    https://www.instagram.com/carnevaletheta
"
"
            
            M's Rou
            （エムズロウ）
            
          ",埼玉県さいたま市浦和区仲町2-10-15 ＬＡＰＵＴＡ　Ｖ　1Ｆ,"
                    https://www.instagram.com/urawa_msrou
"
"
            
            あじめん浦和店
            
            
          ",埼玉県さいたま市浦和区仲町1-1-13 浦和駅前ビル2階,"
                    https://www.instagram.com/ajimen.urawa/
"
"
            
            酒菜や MARUICHI
            （【旧店名】居酒屋　酒菜や）
            
          ",埼玉県新座市東北2-31-6 第一福島ビル2F,
"
            
            個室アクアリウムダイニング ドイストーリー 川口店
            
            
          ",埼玉県川口市栄町3-8-15,
"
            
            牛タン専門×ユッケ寿司 全席個室居酒屋 うま囲 浦和駅西口店
            
            
          ",埼玉県さいたま市浦和区仲町1-10-1 PORAMビル 4F,"
                    https://www.instagram.com/umai_urawa_w/
"
"
            
            隠れ家的 個室ビストロ ヴァンエール
            
            
          ",埼玉県さいたま市浦和区仲町1-2-14 関ビル 3F,"
                    https://www.instagram.com/kakurevanale
"
"
            
            いちげん 南越谷店
            
            
          ",埼玉県越谷市南越谷4-3-1,
"
            
            吉草
            （きっそう）
            
          ",埼玉県さいたま市大宮区宮町3-1-7 ＨＳビル　１Ｆ,
"
            
            創作酒庵 彩蔵 大宮
            
            
          ",埼玉県さいたま市大宮区仲町2-43-1 COMO大宮ビル 4F,
"
            
            KANSAI 行田店
            
            
          ",埼玉県行田市行田20-8,"
                    https://www.instagram.com/kansai_official/?igshid=6pmu9gsp92dr
"
"
            
            魚八＆串八珍 大宮東口店
            （うおはち）
            
          ",埼玉県さいたま市大宮区宮町1-97-2 フタバビル　１Ｆ,
"
            
            韓国料理 縁
            （【旧店名】李朝）
            
          ",埼玉県さいたま市中央区上落合2-4-4,
"
            
            ,CA Wine Farm
            （シーエーワインファーム）
            
          ",埼玉県さいたま市南区南浦和2-28-12 カトウビル1F,"
                    https://www.instagram.com/cawinefarm/
"
"
            
            昔ばなし 土佐宿毛館
            （ムカシバナシ）
            
          ",埼玉県志木市本町5-21-21 ウエストウッドビル　2F,
"
            
            酒縁 東家
            
            
          ",埼玉県所沢市久米551-3 東亜東口ビル B1F,
"
            
            いろはにほへと 大宮西口店
            
            
          ",埼玉県さいたま市大宮区桜木町1-5-7 ホームリィ５ビル　６Ｆ,
"
            
            ひびき庵 別館 東松山駅前3号店
            
            
          ",埼玉県東松山市箭弓町1-12-11 糀屋ビル 1F,
"
            
            九州 熱中屋 川口駅前 LIVE
            
            
          ",埼玉県川口市栄町3-1-16 川口共同ビル 8Ｆ,"
                    https://www.instagram.com/necchuya/
"
"
            
            七輪焼肉 安安 所沢駅前店
            
            
          ",埼玉県所沢市日吉町9-21 第65東京ビル 2F,
"
            
            完全個室 傳 アクアルーム 大宮
            （DEN）
            
          ",埼玉県さいたま市大宮区仲町2-43-1 COMO大宮ビル 3F-A,
"
            
            個室で肉バル お肉で宴会 所沢プロぺ通り店
            （【旧店名】完全個室 居酒屋 肉十八）
            
          ",埼玉県所沢市日吉町8-5 フジノビル 3F,
"
            
            炭火焼鳥 鶏の吉助 川越店
            
            
          ",埼玉県川越市脇田本町14-37 Mビル 3F,
"
            
            紫貴苑
            
            
          ",埼玉県川口市西川口1-23-7 中村ビル1F,
"
            
            鰓呼吸 大宮一番街
            
            
          ",埼玉県さいたま市大宮区宮町1-51-2,
"
            
            七輪焼肉 安安 春日部店
            
            
          ",埼玉県春日部市大沼4-22-1,
"
            
            いちげん 新座店
            （イチゲン）
            
          ",埼玉県新座市野火止5-3-11,
"
            
            ラ ココリコ 浦和店
            （LA COCORICO）
            
          ",埼玉県さいたま市浦和区仲町1-2-3,
"
            
            1秒卓上ハイボールともつ焼き けむり 浦和本店
            
            
          ",埼玉県さいたま市浦和区高砂1-14-10 3F,
"
            
            秋ヶ瀬庵
            （あきがせあん）
            
          ",埼玉県さいたま市中央区新都心3-2 ラフレさいたま　２Ｆ,
"
            
            大阪焼肉・ホルモンふたご 本川越店
            
            
          ",埼玉県川越市新富町1-19-5,"
                    https://www.instagram.com/yakinikufutago.official
"
"
            
            東鮨　新店
            
            
          ",埼玉県さいたま市大宮区大門町1-14,"
                    https://www.instagram.com/東鮨新店
"
"
            
            とらぬ狸
            （ とらぬたぬき）
            
          ",埼玉県さいたま市大宮区仲町1-1 ムサシビル　２Ｆ,"
                    https://www.instagram.com/toratanu_vin/?hl=ja
"
"
            
            CONA  所沢店
            （コナ）
            
          ",埼玉県所沢市日吉町10-19,
"
            
            千の庭 川口店
            （せんのにわ）
            
          ",埼玉県川口市栄町3-1-16 川口共同ビル　８Ｆ,
"
            
            炙り焼肉寿司 ろくもん 浦和本店
            （六門）
            
          ",埼玉県さいたま市浦和区高砂2-14-17 日建第二高砂ビル 2F,"
                    https://www.instagram.com/rokumonurawa
"
"
            
            朱苑 浦和高砂店
            （シュエン）
            
          ",埼玉県さいたま市浦和区高砂2-2-1,
"
            
            イルキャンティ ドマーニ 新所沢店
            
            
          ",埼玉県所沢市緑町4-1-22 エールプラザ新所沢 104,
"
            
            茶房ズ
            （ChaBou's）
            
          ",埼玉県川越市南通町14-16 Ｙ’ｓＧａｒｄｅｎ 1F,
"
            
            やきとりの扇屋 南越谷駅前店 
            
            
          ",埼玉県越谷市南越谷1-23-1,
"
            
            備長扇屋 鶴ヶ島店
            
            
          ",埼玉県鶴ヶ島市脚折町6-35-19,
"
            
            肉創作と仙台牛一頭買い焼肉 ばくふ 大宮店
            
            
          ",埼玉県さいたま市大宮区大門町1-6,
"
            
            やきとりの扇屋 武蔵浦和店
            
            
          ",埼玉県さいたま市南区沼影1-15-12,
"
            
            イタリアンバルパステル 八潮南店
            
            
          ",埼玉県八潮市大瀬5-1-12,
"
            
            天平苑
            （【旧店名】平城苑）
            
          ",埼玉県さいたま市岩槻区府内1-7-3,
"
            
            高麗房
            （コウライボウ）
            
          ",埼玉県さいたま市大宮区北袋町2-424,
"
            
            季節料理 和色
            
            
          ",埼玉県さいたま市大宮区大門町2-4 小倉ビル 1F,"
                    https://www.instagram.com/oomiya_washoku
"
"
            
            やきとりの扇屋 羽生西店
            
            
          ",埼玉県羽生市西3-21-6,
"
            
            Hakurai-Tei
            （ハクライテイ）
            
          ",埼玉県川口市芝新町8-17 奥田ビル　２Ｆ,
"
            
            あげぱん カフェ&バー 狭山店
            
            
          ",埼玉県狭山市入間川3-10-2,"
                    https://www.instagram.com/agepancafe0907/
"
"
            
            frank 食堂酒場
            
            
          ",埼玉県越谷市北越谷2-24-22,
"
            
            ASIAN RESTAURANT &BAR HALKA
            
            
          ",埼玉県さいたま市浦和区高砂3-5-7 高砂建物ビル 1F,
"
            
            ローマピザとチーズのバル ConeYaki-048
            （コネヤキ ゼロヨンハチ）
            
          ",埼玉県さいたま市大宮区大門町3-197,"
                    https://www.instagram.com/coneyaki048
"
"
            
            焼肉ココロ 深谷店
            
            
          ",埼玉県深谷市東方町2-24-17,"
                    https://www.instagram.com/cocoro.hakoda/?hl=ja
"
"
            
            RRainbow ららぽーと新三郷店
            
            
          ",埼玉県三郷市新三郷ららシティ3-1-1 ららぽーと新三郷 2F,
"
            
            味蔵
            
            
          ",埼玉県東松山市箭弓町2-6-44,
"
            
            ブッシュウィック グリル さいたま新都心店
            
            
          ",埼玉県さいたま市大宮区吉敷町4-263-1 コクーンシティ コクーン2 1F,
"
            
            上海小龍包 石庫門 ルミネ大宮店
            
            
          ",埼玉県さいたま市大宮区錦町630 ルミネ大宮店  ルミネ2 4Ｆ,
"
            
            くいもの屋 わん 春日部店
            
            
          ",埼玉県春日部市中央1-1-13 武州ビル　Ｂ１Ｆ,
"
            
            ステーキ＆ハンバーグ専門店 肉の村山 草加マルイ店
            
            
          ",埼玉県草加市高砂2-9-1 草加マルイ 8F,
"
            
            七伍
            
            
          ",埼玉県さいたま市大宮区下町1-40 1A-2F,
"
            
            やきとり家すみれ 浦和店
            
            
          ",埼玉県さいたま市浦和区仲町1-3-2,
"
            
            中国料理 四海聚
            
            
          ",埼玉県深谷市東方町2-10-11,
"
            
            イタリア食堂 テラマーテル
            
            
          ",埼玉県春日部市中央2-1-20,
"
            
            ビアザウルス 本川越店
            
            
          ",埼玉県川越市新富町2-7-5 花田ビル2F,"
                    https://www.instagram.com/beer_saurus.honkawagoe/
"
"
            
            焼肉 ブリッヂ エキアプレミエ和光店
            
            
          ",埼玉県和光市本町4-6 エキアプレミエ和光 3F,
"
            
            鉄板 せきね
            
            
          ",埼玉県さいたま市大宮区仲町1-60 アイスビル 4F,
"
            
            Ginger’s Beach Omiya
            
            
          ",埼玉県さいたま市大宮区桜木町1-401-1 カンデオホテルズ大宮 1F,
"
            
            魚菜 日本橋亭 南越谷店
            （ぎょさい にほんばしてい）
            
          ",埼玉県越谷市南越谷2-2-12 コアーズビル 2F,
"
            
            倫
            （ToMo）
            
          ",埼玉県吉川市木売1-9-12 STビル 3F,"
                    https://www.instagram.com/tomo_lounge_dining/
"
"
            
            炭火串焼台所ちっきん はなれ 大宮西口店
            
            
          ",埼玉県さいたま市大宮区桜木町1-182-1 エルミタージュサクラギ 1F,
"
            
            CHINCHOGE CAFE/BAR
            （チンチョウゲ）
            
          ",埼玉県川越市脇田町4-16 平和ビル 2F,"
                    https://www.instagram.com/chinchoge_/
"
"
            
            やきとり家 すみれ 所沢店
            
            
          ",埼玉県所沢市東町12-2,
"
            
            ビアザウルスJURA
            （ジュラ）
            
          ",埼玉県川越市菅原町22-2 第２ＭＳビル　２Ｆ,"
                    https://www.instagram.com/beersaurusjura/
"
"
            
            JAHAN 蒲生旭町店
            （ジャーハン）
            
          ",埼玉県越谷市蒲生旭町1-50,
"
            
            彩懐石 うらわ高砂
            
            
          ",埼玉県さいたま市浦和区高砂1丁目14-2,
"
            
            Italian Kitchen VANSAN 北浦和店
            
            
          ",埼玉県さいたま市浦和区北浦和4-3-4 1F,"
                    https://www.instagram.com/italian_kitchen_vansan/
"
"
            
            KOEDOイタリアン ルーチェ
            
            
          ",埼玉県川越市新富町1-1-11 信富イハラビル 1F,"
                    https://www.instagram.com/koedo_italian_luce
"
"
            
            新晨美食坊
            （シンシンビショクボウ）
            
          ",埼玉県さいたま市南区別所7-1-16,
"
            
            上海喰酒場 酔拳
            （シャンハイクイサカバ スイケン）
            
          ",埼玉県熊谷市筑波2-49-12 ウイングコート　２Ｆ,"
                    https://www.instagram.com/suiken1
"
"
            
            くいもの屋わん 熊谷店
            
            
          ",埼玉県熊谷市筑波2-49 五大ビル 5F,
"
            
            くいもの屋 わん 上福岡店
            
            
          ",埼玉県ふじみ野市上福岡1-7-3 上福岡アサヒビル　５Ｆ,
"
            
            あげぱん カフェ&バー 日高店
            （あげぱん cafe&bar）
            
          ",埼玉県日高市大字鹿山223-5,"
                    https://www.instagram.com/agepancafe0907/
"
"
            
            スパイシーベジーカレー
            （Spicy Veggy Currey）
            
          ",埼玉県熊谷市筑波3-112-1,"
                    https://www.instagram.com/spicy.veggy.curry?igshid=1j9gkpentzqqf
"
"
            
            京鼎樓 アトレ浦和店
            （ジンディンロウ）
            
          ",埼玉県さいたま市浦和区高砂1-16-12 アトレ浦和 West Area 3F,
"
            
            RRainbow ららぽーと富士見
            （ダブルレインボー）
            
          ",埼玉県富士見市山室1-1313 ららぽーと富士見 3F,
"
            
            清香園 与野本町店
            （セイコウエン）
            
          ",埼玉県さいたま市中央区鈴谷9-5-13,"
                    https://www.instagram.com/yakiniku.seikouen
"
"
            
            Pizzeria Sciosciammocca
            
            
          ",埼玉県朝霞市本町2-19-12 朝霞ニュ-ハイツ102,"
                    https://www.instagram.com/pizzeriasciosciammocca
"
"
            
            旬肴酒家 どん呑 蓮田店
            （シュンコウシュカドンドン）
            
          ",埼玉県蓮田市東6-2-3,
"
            
            昔ばなし ふじみ野商店街
            （ムカシバナシ）
            
          ",埼玉県富士見市ふじみ野西1-20-2 第7松本ビル　3F,
"
            
            宴
            
            
          ",埼玉県秩父市下吉田2260-3,
"
            
            昭和堂
            （ショウワドウ）
            
          ",埼玉県本庄市駅南2丁目12-1 2F,
"
            
            ピッツェリア オオサキ2 川口店
            （ピッツェリア オオサキ ドゥエ）
            
          ",埼玉県川口市芝2-26-38,
"
            
            CP RESTAURANT
            （シーピーレストラン）
            
          ",埼玉県所沢市北中2-153-2,"
                    https://www.instagram.com/cp_restaurant/
"
"
            
            心味処神邉
            （カンベ）
            
          ",埼玉県狭山市柏原3258-5,
"
            
            虎門
            
            
          ",埼玉県草加市住吉1-6-10,"
                    https://www.instagram.com/toramon_soka
"
"
            
            串カツ田中 大宮店
            
            
          ",埼玉県さいたま市大宮区宮町1-77,
"
            
            沖縄ダイニング 琉歌 大宮東口店
            （リュウカ）
            
          ",埼玉県さいたま市大宮区宮町1-47 一番ビル　２Ｆ,
"
            
            縁
            （エニシ）
            
          ",埼玉県久喜市久喜中央2-9-34 中央ビル 203,"
                    https://www.instagram.com/enishi_kuki/
"
"
            
            酒とろばた焼 うなり
            
            
          ",埼玉県さいたま市大宮区桜木町1-8-2 NKビル B1F,"
                    https://www.instagram.com/unari0401omiya
"
"
            
            勇寿司本店
            （いさむすしほんてん）
            
          ",埼玉県さいたま市浦和区東仲町1-16,
"
            
            芳醇煮干 麺屋 樹
            （ホウジュンニボシメンヤ いつき）
            
          ",埼玉県志木市本町5-23-1,
"
            
            レモン サワー スタンド ヨシダ 蕨店
            （LEMON SOUR STAND YOSHIDA）
            
          ",埼玉県川口市芝新町8-25 奥田ビル B1F,"
                    https://www.instagram.com/lemonsourstandyoshida/
"
"
            
            和食とおでん 真路n
            （マロン）
            
          ",埼玉県さいたま市浦和区高砂2-2-1 ほしみつビル 6F,"
                    https://www.instagram.com/oden.maron
"
"
            
            美家古鮨
            （ミヤコズシ）
            
          ",埼玉県さいたま市浦和区高砂1-5-11 １階,
"
            
            ヤキトリ酒場 武州屋
            
            
          ",埼玉県川越市脇田本町6-8 栄光ビル 2F,
"
            
            ZA座
            （ザザ）
            
          ",埼玉県志木市本町5-25-20 ムクロジュビル　２F,
"
            
            串頂マルコ
            （【旧店名】いただき）
            
          ",埼玉県越谷市南越谷1-20-6 高木ビル 2F,
"
            
            うどん処 おはな
            
            
          ",埼玉県朝霞市西弁財1-10-25 第一保ビル　１F,
"
            
            ブールマニエ
            （ぶーるまにえ）
            
          ",埼玉県越谷市赤山町2-63-1,
"
            
            クーネルベーカリー
            （KU~NERUbakery）
            
          ",埼玉県さいたま市浦和区東高砂町9号20番 岸ビル1F,
"
            
            中華そば 四つ葉
            
            
          ",埼玉県比企郡川島町伊草298-20,